{
  "hash": "4c0c2717",
  "configHash": "fcab264e",
  "lockfileHash": "21a82633",
  "browserHash": "ab1f13eb",
  "optimized": {
    "@angular/common": {
      "src": "../../../../../node_modules/@angular/common/fesm2022/common.mjs",
      "file": "@angular_common.js",
      "fileHash": "c1a2444f",
      "needsInterop": false
    },
    "@angular/common/http": {
      "src": "../../../../../node_modules/@angular/common/fesm2022/http.mjs",
      "file": "@angular_common_http.js",
      "fileHash": "1f1a05a0",
      "needsInterop": false
    },
    "@angular/core": {
      "src": "../../../../../node_modules/@angular/core/fesm2022/core.mjs",
      "file": "@angular_core.js",
      "fileHash": "183c2496",
      "needsInterop": false
    },
    "@angular/forms": {
      "src": "../../../../../node_modules/@angular/forms/fesm2022/forms.mjs",
      "file": "@angular_forms.js",
      "fileHash": "cbb3517d",
      "needsInterop": false
    },
    "@angular/platform-browser": {
      "src": "../../../../../node_modules/@angular/platform-browser/fesm2022/platform-browser.mjs",
      "file": "@angular_platform-browser.js",
      "fileHash": "a4689910",
      "needsInterop": false
    },
    "@angular/router": {
      "src": "../../../../../node_modules/@angular/router/fesm2022/router.mjs",
      "file": "@angular_router.js",
      "fileHash": "2aa7ca60",
      "needsInterop": false
    }
  },
  "chunks": {
    "chunk-UZF5QNGM": {
      "file": "chunk-UZF5QNGM.js"
    },
    "chunk-2HEBDTGR": {
      "file": "chunk-2HEBDTGR.js"
    },
    "chunk-MRUW4HX5": {
      "file": "chunk-MRUW4HX5.js"
    },
    "chunk-2QDPCBAK": {
      "file": "chunk-2QDPCBAK.js"
    }
  }
}